-- ============================================
-- まなびチェック：サンプルデータ
-- テーブル作成後に実行してください
-- ============================================

-- 教科
INSERT INTO subjects (id, name) VALUES
  ('a0000000-0000-0000-0000-000000000001', '社会');

-- 単元（社会）
INSERT INTO units (id, subject_id, name, display_order) VALUES
  ('b0000000-0000-0000-0000-000000000001', 'a0000000-0000-0000-0000-000000000001', '日本の地形', 1),
  ('b0000000-0000-0000-0000-000000000002', 'a0000000-0000-0000-0000-000000000001', '日本の気候', 2),
  ('b0000000-0000-0000-0000-000000000003', 'a0000000-0000-0000-0000-000000000001', '飛鳥時代', 3),
  ('b0000000-0000-0000-0000-000000000004', 'a0000000-0000-0000-0000-000000000001', '奈良時代', 4),
  ('b0000000-0000-0000-0000-000000000005', 'a0000000-0000-0000-0000-000000000001', '平安時代', 5);

-- 問題マスタ（15問、配点合計15点分のサンプル）
INSERT INTO questions (id, subject_id, unit_id, question_text, correct_answer, question_type, explanation, review_points) VALUES
  ('c0000000-0000-0000-0000-000000000001', 'a0000000-0000-0000-0000-000000000001', 'b0000000-0000-0000-0000-000000000001',
   '日本で一番長い川の名前を答えなさい', '信濃川', 'fill_in',
   '信濃川は全長367kmで日本最長の川です。新潟県と長野県を流れています。',
   ARRAY['日本の主要河川', '信濃川の特徴']),

  ('c0000000-0000-0000-0000-000000000002', 'a0000000-0000-0000-0000-000000000001', 'b0000000-0000-0000-0000-000000000001',
   '日本で一番大きい湖の名前を答えなさい', '琵琶湖', 'fill_in',
   '琵琶湖は滋賀県にあり、面積約670km²で日本最大の湖です。',
   ARRAY['日本の湖', '琵琶湖の特徴']),

  ('c0000000-0000-0000-0000-000000000003', 'a0000000-0000-0000-0000-000000000001', 'b0000000-0000-0000-0000-000000000001',
   '日本で一番高い山の名前を答えなさい', '富士山', 'fill_in',
   '富士山は標高3,776mで日本最高峰です。静岡県と山梨県にまたがっています。',
   ARRAY['日本の山', '富士山の基本情報']),

  ('c0000000-0000-0000-0000-000000000004', 'a0000000-0000-0000-0000-000000000001', 'b0000000-0000-0000-0000-000000000001',
   '関東平野は日本で最も広い平野である。○か×か', '○', 'choice',
   '関東平野は約17,000km²で日本最大の平野です。',
   ARRAY['日本の平野', '関東平野']),

  ('c0000000-0000-0000-0000-000000000005', 'a0000000-0000-0000-0000-000000000001', 'b0000000-0000-0000-0000-000000000002',
   '日本海側の気候の特徴として正しいものを選びなさい', '冬に雪が多い', 'choice',
   '日本海側は冬にシベリアからの季節風が日本海を渡る際に水蒸気を含み、大量の雪を降らせます。',
   ARRAY['日本海側の気候', '季節風と降雪']),

  ('c0000000-0000-0000-0000-000000000006', 'a0000000-0000-0000-0000-000000000001', 'b0000000-0000-0000-0000-000000000002',
   '太平洋側の気候の特徴は夏に降水量が多いことである。○か×か', '○', 'choice',
   '太平洋側は夏の南東季節風の影響で降水量が多くなります。',
   ARRAY['太平洋側の気候', '季節と降水量']),

  ('c0000000-0000-0000-0000-000000000007', 'a0000000-0000-0000-0000-000000000001', 'b0000000-0000-0000-0000-000000000002',
   '梅雨はどの季節に起こりますか', '6月〜7月', 'fill_in',
   '梅雨は6月〜7月頃、オホーツク海高気圧と太平洋高気圧の間にできる梅雨前線によって起こります。',
   ARRAY['梅雨のしくみ', '日本の季節と天候']),

  ('c0000000-0000-0000-0000-000000000008', 'a0000000-0000-0000-0000-000000000001', 'b0000000-0000-0000-0000-000000000003',
   '聖徳太子が制定した、役人の心構えを示した法律は何か', '十七条の憲法', 'fill_in',
   '604年に制定された十七条の憲法は、役人の心得を示したものです。',
   ARRAY['聖徳太子の政治', '十七条の憲法']),

  ('c0000000-0000-0000-0000-000000000009', 'a0000000-0000-0000-0000-000000000001', 'b0000000-0000-0000-0000-000000000003',
   '大化の改新が起きた年を答えなさい', '645年', 'fill_in',
   '645年、中大兄皇子と中臣鎌足が蘇我蝦夷・入鹿を倒し、大化の改新を始めました。',
   ARRAY['大化の改新', '飛鳥時代の政治改革']),

  ('c0000000-0000-0000-0000-000000000010', 'a0000000-0000-0000-0000-000000000001', 'b0000000-0000-0000-0000-000000000003',
   '遣隋使として隋に渡った人物は誰か', '小野妹子', 'fill_in',
   '607年、聖徳太子は小野妹子を遣隋使として隋に派遣しました。',
   ARRAY['遣隋使', '飛鳥時代の外交']),

  ('c0000000-0000-0000-0000-000000000011', 'a0000000-0000-0000-0000-000000000001', 'b0000000-0000-0000-0000-000000000004',
   '710年に都が移された場所はどこか', '平城京', 'fill_in',
   '710年、元明天皇の時代に奈良の平城京に遷都されました。',
   ARRAY['平城京遷都', '奈良時代の始まり']),

  ('c0000000-0000-0000-0000-000000000012', 'a0000000-0000-0000-0000-000000000001', 'b0000000-0000-0000-0000-000000000004',
   '奈良時代に作られた歴史書を2つ答えなさい', '古事記・日本書紀', 'short_answer',
   '712年に古事記、720年に日本書紀が完成しました。',
   ARRAY['奈良時代の文化', '歴史書の編纂']),

  ('c0000000-0000-0000-0000-000000000013', 'a0000000-0000-0000-0000-000000000001', 'b0000000-0000-0000-0000-000000000004',
   '聖武天皇が仏教の力で国を守ろうとして建てたものは何か', '東大寺（大仏）', 'fill_in',
   '聖武天皇は741年に国分寺建立の詔を出し、東大寺に大仏を造立しました。',
   ARRAY['聖武天皇の政治', '奈良の大仏']),

  ('c0000000-0000-0000-0000-000000000014', 'a0000000-0000-0000-0000-000000000001', 'b0000000-0000-0000-0000-000000000005',
   '794年に都が移された場所はどこか', '平安京', 'fill_in',
   '794年、桓武天皇が京都の平安京に遷都しました。',
   ARRAY['平安京遷都', '平安時代の始まり']),

  ('c0000000-0000-0000-0000-000000000015', 'a0000000-0000-0000-0000-000000000001', 'b0000000-0000-0000-0000-000000000005',
   '平安時代に権力を握った藤原氏の政治のやり方を何というか', '摂関政治', 'fill_in',
   '藤原氏は天皇の外戚として摂政・関白の地位につき、政治の実権を握りました。',
   ARRAY['藤原氏の政治', '摂関政治のしくみ']);

-- テスト回（第1回 社会小テスト）
INSERT INTO tests (id, name, subject_id, test_date, total_points, is_published) VALUES
  ('d0000000-0000-0000-0000-000000000001', '第1回 社会小テスト', 'a0000000-0000-0000-0000-000000000001', '2026-02-28', 15, true);

-- テスト問題の紐付け（全15問、各1点 = 合計15点）
INSERT INTO test_questions (id, test_id, question_id, display_number, points, sort_order) VALUES
  ('e0000000-0000-0000-0000-000000000001', 'd0000000-0000-0000-0000-000000000001', 'c0000000-0000-0000-0000-000000000001', 1, 1, 1),
  ('e0000000-0000-0000-0000-000000000002', 'd0000000-0000-0000-0000-000000000001', 'c0000000-0000-0000-0000-000000000002', 2, 1, 2),
  ('e0000000-0000-0000-0000-000000000003', 'd0000000-0000-0000-0000-000000000001', 'c0000000-0000-0000-0000-000000000003', 3, 1, 3),
  ('e0000000-0000-0000-0000-000000000004', 'd0000000-0000-0000-0000-000000000001', 'c0000000-0000-0000-0000-000000000004', 4, 1, 4),
  ('e0000000-0000-0000-0000-000000000005', 'd0000000-0000-0000-0000-000000000001', 'c0000000-0000-0000-0000-000000000005', 5, 1, 5),
  ('e0000000-0000-0000-0000-000000000006', 'd0000000-0000-0000-0000-000000000001', 'c0000000-0000-0000-0000-000000000006', 6, 1, 6),
  ('e0000000-0000-0000-0000-000000000007', 'd0000000-0000-0000-0000-000000000001', 'c0000000-0000-0000-0000-000000000007', 7, 1, 7),
  ('e0000000-0000-0000-0000-000000000008', 'd0000000-0000-0000-0000-000000000001', 'c0000000-0000-0000-0000-000000000008', 8, 1, 8),
  ('e0000000-0000-0000-0000-000000000009', 'd0000000-0000-0000-0000-000000000001', 'c0000000-0000-0000-0000-000000000009', 9, 1, 9),
  ('e0000000-0000-0000-0000-000000000010', 'd0000000-0000-0000-0000-000000000001', 'c0000000-0000-0000-0000-000000000010', 10, 1, 10),
  ('e0000000-0000-0000-0000-000000000011', 'd0000000-0000-0000-0000-000000000001', 'c0000000-0000-0000-0000-000000000011', 11, 1, 11),
  ('e0000000-0000-0000-0000-000000000012', 'd0000000-0000-0000-0000-000000000001', 'c0000000-0000-0000-0000-000000000012', 12, 1, 12),
  ('e0000000-0000-0000-0000-000000000013', 'd0000000-0000-0000-0000-000000000001', 'c0000000-0000-0000-0000-000000000013', 13, 1, 13),
  ('e0000000-0000-0000-0000-000000000014', 'd0000000-0000-0000-0000-000000000001', 'c0000000-0000-0000-0000-000000000014', 14, 1, 14),
  ('e0000000-0000-0000-0000-000000000015', 'd0000000-0000-0000-0000-000000000001', 'c0000000-0000-0000-0000-000000000015', 15, 1, 15);

-- テスト用生徒（アクセスコード: ABC123）
INSERT INTO students (id, name, grade, class_name, access_code) VALUES
  ('f0000000-0000-0000-0000-000000000001', '田中太郎', '小5', 'Aクラス', 'ABC123');
